proposed_source_id,source_name,source_category,owner_organization,geography_coverage,source_type,official_url,example_relevant_page_or_record_url,likely_signal_type,suggested_fetch_type,suggested_output_route,access_status,priority_tier,notes
SRC-069,City of Langley Bids & Tenders endpoint,A_active_tender,City of Langley,City of Langley,bidsandtenders,https://langleycity.bidsandtenders.ca,,active tender,html_listing,Active_Tenders,public,1,Direct City of Langley bids&tenders feed.
SRC-070,City of Richmond Bids & Tenders endpoint,A_active_tender,City of Richmond,Richmond (Tier 2) / Richmond,bidsandtenders / HTML listing,https://richmond.bidsandtenders.ca/,https://www.richmond.ca/business-tenders/bids-tenders,active tender,ods_v21 / html_listing,Active_Tenders,public,1,Pristine structured JSON data feed. | Baseline #3 generic; this exact endpoint isolates high-water-table civil works.
SRC-071,City of Surrey Bids & Tenders / RFQ-RFP owner endpoint,A_active_tender,City of Surrey,Surrey (Tier 1) / Surrey,bidsandtenders / HTML listing,https://surrey.bidsandtenders.ca/,https://www.surreyschools.ca/purchasing; https://www.surrey.ca/business-economy/bids-tenders; https://www.surrey.ca/business-economy/tenders-rfqs-rfps; https://www.surrey.ca/business-economy/tenders-rfqs-rfps/drainage-improvements-package,active tender,ods_v21 / html_listing,Active_Tenders,public,1,"Pristine structured data feed for automated run queues. | Operates in tandem with City of Surrey portal for educational facilities. | ""List includes RFPs for civil works; monitor for new postings."""
SRC-072,Fraser Valley Regional District Tenders & RFPs with RSS,A_active_tender,Fraser Valley Regional District,Fraser Valley / Fraser Valley Regional District,HTML listing + RSS / HTML listing,https://www.fvrd.ca/EN/main/government/tenders-rfps.html,https://www.fvrd.ca/EN/main/government/tenders-rfps/hemlock-valley-community-trail-fuel-removal.html; https://www.fvrd.ca/EN/main/government/tenders-rfps/fvrd-electoral-areas-utilities-construction-works.html,active tender,rss_feed,Active_Tenders,public,1,"Uses BC Bid or other platforms downstream but FVRD RSS is a distinct, easily-filtered feed worth explicit tracking. | Use the page plus RSS if building a connector. | —"
SRC-073,Maple Ridge Bid Opportunities / bids&tenders endpoint,A_active_tender,City of Maple Ridge,Maple Ridge,bidsandtenders / HTML listing,https://mapleridge.bidsandtenders.ca,https://www.mapleridge.ca/build-do-business/bid-opportunities,active tender,html_listing,Active_Tenders,public,1,"Good candidate for keyword rules: road, sewer, water, drainage, paving, MMCD. | Direct Maple Ridge bids&tenders feed. | Subsource of broad procurement universe, but easier to operate as an owner-direct watchlist."
SRC-074,Pitt Meadows Bids & Tenders endpoint,A_active_tender,City of Pitt Meadows,Pitt Meadows,bidsandtenders,https://pittmeadows.bidsandtenders.ca,,active tender,html_listing,Active_Tenders,public,1,Direct Pitt Meadows bids&tenders feed.
SRC-075,Squamish-Lillooet Regional District Contracting Opportunities,A_active_tender,Squamish-Lillooet Regional District,Sea-to-Sky / Squamish-Lillooet,HTML listing,https://www.slrd.bc.ca/inside-slrd/contracting-opportunities,,active tender / pre-procurement,html_listing,Active_Tenders,public,1,Subsource to BC Bid but includes pre-procurement notices and region-specific context.
SRC-076,Township of Langley Bids & Tenders endpoint,A_active_tender,Township of Langley,Township of Langley (Tier 1) / Township of Langley,bidsandtenders,https://tol.bidsandtenders.ca/,,active tender,ods_v21 / Active_Tenders,Active_Tenders,public / html_listing,1,"Hosts multi-million dollar park and site prep tenders. | ""Separate workflow to capture only TOL opportunities."" | Baseline #3 is generic; this specific endpoint allows direct category filtering for TOL."
SRC-077,BC Hydro active bid opportunities / supplier portal workflow,H_utilities_crown_port_airport,BC Hydro,"British Columbia / Lower Mainland / BC-wide / Lower Mainland / BC-wide, filterable to Lower Mainland / Fraser Valley",other / HTML listing / BC Bid filter,https://www.bchydro.com/work-with-us/supplier-portal.html,https://www.bchydro.com/about/suppliers/contracting.html; https://www.bchydro.com/work-with-us/suppliers/bid-opportunities.html,procurement forecast / active tender,html_listing,Active_Tenders,public_with_filters / public,1,Requires vendor prequalification for heavy civil categories. | Add owner filter plus civil keywords. | Baseline #47 is project pipeline; this is the active supplier bidding platform.
SRC-078,FortisBC contractor/vendor prequalification workflow,H_utilities_crown_port_airport,FortisBC,"Lower Mainland / gas service areas / Province-wide gas & electric, many projects in Lower Mainland / BC-wide, includes Lower Mainland",HTML listing / HTML info + external paid portal,https://www.fortisbc.com/about-us/doing-business-with-us/contractor-opportunities,https://www.fortisbc.com/about-us/projects-planning/work-with-us; https://webforms.fortisbc.com/forms/view.php?id=377303,active tender / GC invite / qualification / procurement forecast,html_listing / manual_p3,Active_Tenders,public / public info + paid ISN,1,"Key source for underground utility civil tenders. | Different from generic BC Bid; this is where Fortis prequalifies contractors and collects capability info. | Best handled as vendor-management workflow, not scraping target."
SRC-079,Port of Vancouver active procurement / MERX workflow,H_utilities_crown_port_airport,Vancouver Fraser Port Authority,Metro Vancouver / Fraser River / Vancouver / Lower Mainland,MERX / HTML listing,https://www.merx.com/vfpa,https://www.portvancouver.com/doing-business/procurement/,active tender,api_json / html_listing,Active_Tenders,public_with_filters / public,1,Requires MERX civil filtering to isolate port earthworks from maritime operations. | N/A
SRC-080,YVR active bidding / airport suppliers / Bonfire procurement endpoint,H_utilities_crown_port_airport,Vancouver Airport Authority,Richmond (Sea Island) / Richmond (YVR) / YVR region,Bonfire / HTML listing / HTML / PDF list,https://yvr.bonfirehub.ca/portal/,https://www.yvr.ca/en/about-yvr/doing-business-with-yvr/bids-and-tenders; https://www.yvr.ca/en/business/work-with-yvr/airport-suppliers; https://www.yvr.ca/en/business/work-with-yvr/airport-suppliers/single-source-contracts; https://www.yvr.ca/en/business/work-with-yvr,active tender / active tender / future project / award notice / early signal,api_json / html_listing / pdf_manual,Active_Tenders,public / public_with_filters,1,High-value automated feed for specialized airport heavy civil works. | Major source of civil opportunities at YVR. | Separate workflow from capital master plan and not covered by BC Bid concept alone.
SRC-081,BCIT active procurement / Bonfire / competitive procurement,J_institutional_public_sector,British Columbia Institute of Technology,Burnaby / Lower Mainland / Burnaby / Burnaby / Richmond / Lower Mainland,Bonfire / HTML listing,https://bcit.bonfirehub.ca/opportunities,https://www.bcit.ca/financial-services/procurement/current-opportunities/; https://www.bcit.ca/supply/supplier/competitions/,active tender,api_json / html_listing,Active_Tenders,public,1,Pulls direct civil and quantity surveyor tenders for health science center and site prep. | Lower priority than municipal / utility pages. | N/A
SRC-082,Fraser Health / Lower Mainland Health Authority facilities bids and business opportunities,J_institutional_public_sector,Fraser Health,"Fraser Valley / Lower Mainland / Fraser Health region (Surrey, Langley, etc.) / Lower Mainland and BC health facilities",bidsandtenders / HTML listing,https://fraserhealth.bidsandtenders.ca/,https://www.fraserhealth.ca/about-us/procurement; https://www.fraserhealth.ca/about-us/business-opportunities/; https://fraserhealth.bidsandtenders.ca/Module/Tenders/en/Tender/Detail/97f97494-1dc5-4d6b-8805-7a5188396296/; https://fraserhealth.bidsandtenders.ca/Module/Tenders/en,active tender / Tender listing,ods_v21 / html_listing,Active_Tenders,public / public_with_filters,1,Distinct from generic BC Bid; allows direct API monitoring of health infrastructure. | Bidsandtenders Municipal entry does not cover health authorities; this is sector-specific and high-value. | Good for future inclusion lists even when direct civil scopes are smaller.
SRC-083,KPU Procurement Services / current opportunities,J_institutional_public_sector,Kwantlen Polytechnic University,Surrey / Langley / Richmond / Surrey / Langley / Richmond / Cloverdale,HTML listing,https://www.kpu.ca/procurement/current-opportunities,https://www.kpu.ca/procurement; https://www.kpu.ca/procurement/Vendor-Help,active tender,html_listing,Active_Tenders,public,1,"Good Langley / Surrey institutional watch source. | Some competitions route through BC Bid or KPU procurement portal, but owner page is still useful."
SRC-084,Langley School District purchasing and tenders,J_institutional_public_sector,Langley School District (SD35),Langley / Township of Langley / City of Langley,HTML listing / BC Bid filter,https://www.sd35.bc.ca/board-of-education/administration/purchasing-tenders/,https://www.sd35.bc.ca/purchasing-logistics,active tender,html_listing,Active_Tenders,public,1,"Moderate value; keep it behind municipal and utility sources. | Mostly a BC Bid routing page, but still worth keeping as owner-specific workflow."
SRC-085,Surrey School District procurement / purchasing endpoint,J_institutional_public_sector,Surrey School District (SD36),Surrey / White Rock / Surrey,HTML listing / BC Bid filter,https://www.surreyschools.ca/procurement,https://www.surreyschools.ca/purchasing/about-us; https://www.surreyschools.ca/purchasing,active tender,html_listing,Active_Tenders,public,1,"Lower civil hit-rate than municipalities; keep keyword filters strict. | Mainly points to BC Bid, but owner page is still worth adding because it gives district-specific workflow and contacts."
SRC-086,UBC procurement / Bonfire / current construction opportunities,J_institutional_public_sector,University of British Columbia,Metro Vancouver (Point Grey) / Vancouver / UBC Vancouver + Okanagan (focus Vancouver),Bonfire / HTML listing / Bonfire + BC Bid / BC Bid filter,https://ubc.bonfirehub.ca/portal/,https://supplymanagement.ubc.ca/current-opportunities; https://finance.ubc.ca/doing-business-with-ubc/,active tender,api_json / html_listing,Active_Tenders,public / public info + login,1,Requires free Bonfire vendor registration to pull secured civil drawing packages. | Introduces Bonfire into taxonomy as distinct platform/owner combination. | Treat as secondary source due broad scope mix.
SRC-087,Musqueam Public Works / active bids,I_first_nations_indigenous_infrastructure,Musqueam Indian Band,Metro Vancouver / Southlands,HTML listing,https://www.musqueam.bc.ca/departments/land-capital-and-housing/public-works/,https://www.musqueam.bc.ca/rfp-strategic-engagement-oct-2024/,active tender,html_listing,Active_Tenders,public,1,Also tracks joint Musqueam Creek flood conveyance berm projects. | N/A
SRC-088,Urban Systems Civil Bids & Tenders Portal,K_private_developer_pipeline,Urban Systems Ltd.,British Columbia / Fraser Valley,bidsandtenders,https://urbansystems.bidsandtenders.ca/,https://urbansystems.bidsandtenders.ca/Module/Tenders/en/Tender/Detail/a63226ff-9664-42b5-be4b-aac28a6f6513,active tender,ods_v21,Active_Tenders,public,1,Consultant-managed tender board dedicated entirely to heavy civil and earthworks. | N/A
SRC-089,BC Hydro Planned Procurement / future contracting page,D_capital_future_infrastructure,BC Hydro,BC,HTML listing,https://www.bchydro.com/about/suppliers/contracting/planned-procurement.html,,procurement forecast,html_listing,Future_Projects,public,1,
SRC-090,City of Langley Capital Projects,D_capital_future_infrastructure,City of Langley,City of Langley,HTML listing,https://www.langleycity.ca/city-services/engineering/capital-projects,,future project / active,html_listing,Future_Projects,public,1,
SRC-091,Maple Ridge Capital Projects,D_capital_future_infrastructure,City of Maple Ridge,Maple Ridge,HTML listing,https://www.mapleridge.ca/engineering/capital-projects,,future project / active,html_listing,Future_Projects,public,1,
SRC-092,Metro Vancouver 2025-2029 Financial Plan,D_capital_future_infrastructure,Metro Vancouver,Metro Vancouver,PDF,https://metrovancouver.org/about-us/Documents/financial-plan-2025-2029.pdf,,capital plan / procurement forecast,pdf_manual,Future_Projects,public,1,Deepens existing Metro Vancouver capital entry with formal financial plan as distinct document source.
SRC-093,Metro Vancouver Construction Projects current/upcoming,D_capital_future_infrastructure,Metro Vancouver,Metro Vancouver,HTML listing,https://www.metrovancouver.org/services/construction-projects,,future project / active,html_listing,Future_Projects,public,1,Existing source 8 is procurement; 42 is capital plan PDF. This is a dynamic project listing.
SRC-094,Pitt Meadows Capital Projects,D_capital_future_infrastructure,City of Pitt Meadows,Pitt Meadows,HTML listing,https://www.pittmeadows.ca/engineering/capital-projects,,future project / active,html_listing,Future_Projects,public,1,
SRC-095,Surrey Capital Construction Projects,D_capital_future_infrastructure,City of Surrey,Surrey,HTML listing,https://www.surrey.ca/city-government/capital-construction-projects,,future project / active,html_listing,Future_Projects,public,1,Use to catch projects before they go to tender. | Source 17 is FutureWorks GIS layer; this is the project listing page with status updates. Different workflow.
SRC-096,Surrey School District 5-year Capital Plan,D_capital_future_infrastructure,Surrey School District,Surrey / Surrey / White Rock,HTML listing / HTML + PDFs,https://www.surreyschools.ca/capital-plan,https://www.surreyschools.ca/board-approves-2026-27-five-year-capital-plan-requesting-5-7b-for-student-space-needs.186802,future project / capital plan / future project,html_listing / pdf_manual,Future_Projects,public,1,High concentration of work in TENDER_FINDER’s Tier-1 geography; worth treating as a separate school-capital layer.
SRC-097,Township of Langley Capital Projects,D_capital_future_infrastructure,Township of Langley,Township of Langley,HTML listing,https://www.tol.ca/en/engineering/capital-projects.aspx,,future project / active,html_listing,Future_Projects,public,1,
SRC-098,TransLink Plans and Projects,D_capital_future_infrastructure,TransLink,Metro Vancouver,HTML project hub,https://www.translink.ca/plans-and-projects,,future project / capital plan,html_listing,Future_Projects,public,1,Distinct from TransLink Capital/Investment Plan by focusing on named projects and corridors.
SRC-099,TransLink Upcoming Procurement Opportunities,D_capital_future_infrastructure,TransLink,Metro Vancouver,HTML listing,https://www.translink.ca/about-us/doing-business-with-translink/upcoming-procurement-opportunities,,procurement forecast,html_listing,Future_Projects,public,1,Source 9 is Ariba active opportunities; this is the forecast page.
SRC-100,BC Ferries terminal and infrastructure projects hub,H_utilities_crown_port_airport,BC Ferries,BC coastal network (incl. Horseshoe Bay etc.),HTML project hub,https://www.bcferriesprojects.ca,https://www.bcferriesprojects.ca/horseshoe-bay-terminal-essential-infrastructure-improvements,future project / capital plan,html_listing,Future_Projects,public,1,No BC Ferries-specific pipeline entry exists yet; this is the early-signal layer for terminal infrastructure.
SRC-101,BC Hydro Registered Civil Contractor List & Application,H_utilities_crown_port_airport,BC Hydro,Province-wide (strong Lower Mainland presence),HTML listing + PDF + form,https://www.bchydro.com/work-with-us/suppliers/civil-contractor-list.html,https://www.bchydro.com/work-with-us/suppliers/civil-contractor-list/civil-contractor-application.html,GC invite / qualification,html_listing,Future_Projects,public,1,Existing register has BC Hydro capital/project pipeline but not this prequalification gate; distinct workflow for eligibility and owner engagement.
SRC-102,FortisBC Major Projects / Capital Pipeline,H_utilities_crown_port_airport,FortisBC,Lower Mainland / Fraser Valley,HTML listing,https://www.fortisbc.com/about-us/major-projects,https://www.fortisbc.com/about-us/major-projects/tilbury-lng-projects,future project,html_listing,Future_Projects,public,1,Excellent upstream lead source for civil infrastructure rerouting. | N/A
SRC-103,Metro Vancouver Drinking Water Construction Projects,H_utilities_crown_port_airport,Metro Vancouver / Greater Vancouver Water District,Metro Vancouver,HTML listing,https://metrovancouver.org/services/water/construction-projects,,active project / future project,html_listing,Future_Projects,public,1,Subsource of Metro Vancouver Capital Program but at project-execution layer; worth a separate entry.
SRC-104,Metro Vancouver Liquid Waste Projects & Initiatives,H_utilities_crown_port_airport,Metro Vancouver / Greater Vancouver Sewerage and Drainage District,Metro Vancouver,HTML + PDFs,https://metrovancouver.org/services/liquid-waste/projects-and-initiatives,https://metrovancouver.org/services/liquid-waste/north-shore-wastewater-treatment-plant-project,active project / capital plan,html_listing,Future_Projects,public,1,Complements existing Metro Vancouver capital entry with project-level granularity for liquid waste.
SRC-105,Port of Vancouver capital and trade corridor project pages,H_utilities_crown_port_airport,Vancouver Fraser Port Authority,Port of Vancouver / Delta / Surrey,HTML project pages + IAAC registry,https://www.portvancouver.com,https://iaac-aeic.gc.ca/050/evaluations/proj/81710?culture=en-CA,future project / procurement forecast,manual_p3,Future_Projects,public,1,Port-specific pipeline entry complements generic news/PR sources with official project pages and assessment filings.
SRC-106,Roberts Bank Terminal 2 Landmass and Wharf project,H_utilities_crown_port_airport,Infrastructure BC / Vancouver Fraser Port Authority,Delta / Lower Mainland,HTML listing,https://www.infrastructurebc.com/project/roberts-bank-terminal-2-landmass-and-wharf-project/,,future project,html_listing,Future_Projects,public,1,"Use as dedicated major-project watchlist. | Related to generic Infrastructure BC / port channels already in baseline, but this project-specific page is too important not to track separately."
SRC-107,YVR Construction Contractors briefing guide / gateway,H_utilities_crown_port_airport,Vancouver Airport Authority,YVR (Richmond) / YVR / Richmond,PDF + HTML / HTML listing,https://www.yvr.ca/en/business/work-with-yvr/construction-contractors,,procurement process / GC invite / procurement forecast,pdf_manual / manual_p3,Future_Projects,public,1,Existing register has YVR as client but not this detailed procurement/process document. | Better as relationship / onboarding workflow than scraper. | —
SRC-108,YVR Master Plan and capital program documents,H_utilities_crown_port_airport,Vancouver Airport Authority,YVR,PDF,https://www.yvr.ca/-/media/yvr/documents/community/yvr_masterplan.pdf,https://www.yvr.ca/-/media/yvr/documents/master-plan/yvr-2037-master-plan.pdf,capital plan / future project,pdf_manual,Future_Projects,public,1,Complementary to active tenders; sits in future pipeline layer of taxonomy.
SRC-109,Fraser Health Capital Projects,J_institutional_public_sector,Fraser Health,Fraser Health / Fraser Health region,HTML listing / HTML project pages,https://www.fraserhealth.ca/about-us/capital-projects,https://www.fraserhealth.ca/capital-projects; https://www.fraserhealth.ca/about-us/our-development-projects; https://www.fraserhealth.ca/capital-projects/projects; https://www.fraserhealth.ca/capital-projects/projects/Langley-Medical-Imaging-Facility,future project / future project / capital plan,html_listing / manual_p3,Future_Projects,public,1,Sits between provincial capital announcements and FH Bids&Tenders; ideal early-signal layer. | More useful for pipeline than immediate tender capture. | —
SRC-110,Langley SD Capital Plan / Long-Range Facilities Plan,J_institutional_public_sector,School District 35 (Langley),Township of Langley / City of Langley,HTML + PDFs,https://www.sd35.bc.ca/capital-plan,,capital plan / future project,pdf_manual,Future_Projects,public,1,Very tightly aligned with TENDER_FINDER’s core geography and subdivision growth areas.
SRC-111,Nch’ḵay Development Projects,I_first_nations_indigenous_infrastructure,Nch’ḵay Development Corporation,Vancouver / Squamish Nation lands / Vancouver / North Shore / Squamish Nation projects,HTML listing / RSS,https://nchkay.com/,https://www.nchkay.com/areasofwork/; https://www.nchkay.com/category/quarterly-community-updates/feed/; https://nchkay.com/projects/; https://www.nchkay.com/wp-content/uploads/2025/05/Spring-QU-2025_FINAL_compressed.pdf,developer pipeline / news / early signal,html_listing / rss_feed,Future_Projects,public,1,Important strategic source for Metro Vancouver land development. | Best connector candidate among Indigenous development sources. | —
SRC-112,Semiahmoo FN community infrastructure and housing announcements,I_first_nations_indigenous_infrastructure,Semiahmoo First Nation / Indigenous Services Canada,Surrey / White Rock,news releases,https://www.canada.ca/en/indigenous-services-canada/news/2026/01/semiahmoo-first-nation-advances-community-infrastructure-to-support-future-housing.html,,FN infrastructure / housing,manual_p3,Future_Projects,public,1,Track for timing of on-reserve works and access roads in TENDER_FINDER’s Tier-1 geography.
SRC-113,Semiahmoo First Nation Economic Development,I_first_nations_indigenous_infrastructure,Semiahmoo First Nation,Surrey / White Rock,HTML listing,https://www.sfns.ca/economic-development,,developer pipeline,html_listing,Future_Projects,public,1,
SRC-114,Squamish Nation Planning & Capital Projects,I_first_nations_indigenous_infrastructure,Squamish Nation,North Vancouver / West Vancouver / North Shore / Squamish area,HTML listing / HTML,https://www.squamish.net/divisions/community-services/planning-capital-projects/,,future project / FN infrastructure / future projects,html_listing / manual_p3,Future_Projects,public,1,Department mandate covers growing communities via heavy capital infrastructure. | First Nations not captured under generic municipal entries; new category I for Indigenous infrastructure. | N/A
SRC-115,Tsawwassen First Nation Major Development Program backgrounder,I_first_nations_indigenous_infrastructure,Tsawwassen First Nation,"TFN lands, Delta",PDF backgrounder,https://tsawwassenfirstnation.com/wp-content/uploads/2019/07/TFN_Backgrounder_Moving_Forward-FINAL.pdf,,developer pipeline / FN infrastructure,pdf_manual,Future_Projects,public,1,High-impact civil pipeline on TFN lands; good for long-term BD and JV thinking.
SRC-116,Tsawwassen First Nation planning/development and industrial lands,I_first_nations_indigenous_infrastructure,Tsawwassen First Nation (TFN),Delta / Tsawwassen / Delta / Tsawwassen Lands,HTML listing / PDF,https://tsawwassenfirstnation.com/,https://tsawwassenfirstnation.com/portfolio/planning-and-development/; https://tsawwassenfirstnation.com/wp-content/uploads/2026/06/RFP-%E2%80%93-4456-Salish-Sea-Way-Phase-2A-Industrial-Lands.pdf; https://tsawwassenfirstnation.com/phase-2-industrial-lands-opportunity-launched-at-4456-salish-sea-way/; https://tsawwassenfirstnation.com/pdfs/TFN-Program-Services/Business-Development/Development-Applications/Land_Development_Process_2012.pdf,developer pipeline / development application / future project,html_listing / pdf_manual,Future_Projects,public,1,High-return civil scope adjacent to Deltaport and Roberts Bank corridor. | One of the most directly useful Indigenous-land sources for TENDER_FINDER. | Treat as manual review PDF source.
SRC-117,Adera Development Projects,K_private_developer_pipeline,Adera Development,Lower Mainland,HTML listing,https://www.adera.com/projects/,,developer pipeline,html_listing,Future_Projects,public,1,
SRC-118,Anthem Properties project news / portfolio,K_private_developer_pipeline,Anthem Properties,Lower Mainland / Surrey / Burnaby / Coquitlam / Metro Vancouver,HTML listing,https://anthemproperties.com/projects/,https://anthemproperties.com/news/?_category=projects; https://anthemproperties.com/property/georgetown/,developer pipeline,html_listing,Future_Projects,public,1,"Strong Surrey relevance via Georgetown. | Same umbrella as developer news, but Anthem’s own project/news pages are specific and timely enough to justify a separate row."
SRC-119,Beedie Fraser Mills master-planned community,K_private_developer_pipeline,Beedie,Coquitlam waterfront,HTML,https://www.beedie.ca/residential/fraser-mills-master-planned-community/,,developer pipeline,manual_p3,Future_Projects,public,1,Major long-horizon civil opportunity in Coquitlam with repeated phases.
SRC-120,Beedie industrial land/development portfolio,K_private_developer_pipeline,Beedie Development Group,Fraser Valley / Metro Vancouver / Lower Mainland / Metro Vancouver / Fraser Valley / Delta / industrial market,HTML listing,https://www.beedie.ca/industrial/,https://beediegroup.com/development/; https://www.beedie.ca/industrial-real-estate/; https://www.beedie.ca/industrial-real-estate/parkwood-industrial-estates-build-to-suit-delta/,developer pipeline,html_listing,Future_Projects,public,1,Allows TENDER_FINDER to position for earthworks prior to general GC bidding. | High priority private-sector source for Delta / industrial-civil opportunities. | N/A
SRC-121,Concert Properties Metro Vancouver projects,K_private_developer_pipeline,Concert Properties,Lower Mainland / Metro Vancouver,HTML listing / HTML,https://www.concertproperties.com/projects/,https://www.concertproperties.com/condos/metro-vancouver,developer pipeline,html_listing / manual_p3,Future_Projects,public,1,Target for long-term relationship mapping on urban sites.
SRC-122,Darwin Properties Developments,K_private_developer_pipeline,Darwin Properties,Lower Mainland,HTML listing,https://www.darwinproperties.com/developments,,developer pipeline,html_listing,Future_Projects,public,1,
SRC-123,Mosaic Homes communities / properties,K_private_developer_pipeline,Mosaic Homes,"Lower Mainland / Coquitlam, Port Moody, Vancouver, North Vancouver",HTML listing / HTML,https://mosaichomes.com/communities/,https://mosaichomes.com/property/,developer pipeline,html_listing / manual_p3,Future_Projects,public,1,Adds another repeat developer pipeline in TENDER_FINDER’s footprint.
SRC-124,Onni projects / new homes pipeline,K_private_developer_pipeline,Onni Group,Lower Mainland / Metro Vancouver,HTML listing / HTML,https://www.onni.com/projects/,https://onni.com/new-homes/,developer pipeline,html_listing / manual_p3,Future_Projects,public,1,Conceptually overlaps with 'Developer Announcements / Land Assembly' but is a concrete project list; treat as sub-source.
SRC-125,Polygon Homes active/selling/upcoming communities,K_private_developer_pipeline,Polygon Homes,Lower Mainland / Fraser Valley / Lower Mainland / Metro Vancouver / Fraser Valley,HTML listing / HTML,https://polyhomes.com/,https://www.polygonhomes.com/communities/; https://polyhomes.com/homes/,"developer pipeline / (filtered ""Coming Soon"")",html_listing / manual_p3,Future_Projects,public,1,Critical upstream lead source for subdivision land stripping and grading. | Gives forward visibility on Polygon land positions by location and product type. | N/A
SRC-126,Qualico Communities BC pipeline,K_private_developer_pipeline,Qualico Communities BC,Surrey / Langley (Tier 1) / Lower Mainland / Fraser Valley / Metro Vancouver / Surrey and region,HTML listing,https://qualicocommunitiesbc.com/,https://www.qualico.com/communities/; https://www.qualico.com/business-unit/qualico-communities-bc; https://www.qualico.com/our-company/locations/metro-vancouver,developer pipeline / (filter BC),html_listing,Future_Projects,public,1,Prime private developer client tracking for Tier 1 earthworks. | Medium priority versus Beedie / Wesgroup / Anthem. | N/A
SRC-127,Wesgroup master-planned districts / River District,K_private_developer_pipeline,Wesgroup Properties,Lower Mainland / SE Vancouver / Surrey / Vancouver / Port Moody / North Shore,HTML listing / HTML,https://wesgroup.ca/properties/,https://wesgroup.ca/river-district/; https://wesgroup.ca/districts/,developer pipeline,html_listing / manual_p3,Future_Projects,public,1,"One of the largest ongoing community builds in Vancouver; worth its own entry. | Focus on River District, Civic District, and other masterplan pages. | Owner-specific project portfolio is materially more useful than generic developer news coverage."
SRC-128,"Katzie Housing, Infrastructure and Public Works Newsletter",I_first_nations_indigenous_infrastructure,Katzie First Nation,Maple Ridge / Pitt Meadows area,HTML listing,https://katzie.ca/project/housing-infrastructure-and-public-works-newsletter-may-8-2026/,,news / early signal,html_listing,Run_Queue,public,1,Review-driven source rather than scrape-first source. | —
SRC-129,Semiahmoo Development Corp partnerships / business inquiries,I_first_nations_indigenous_infrastructure,Semiahmoo First Nation / Se-mi-ah-mu Development Corp,Surrey / White Rock,manual research,https://www.semiahmoofirstnation.ca/partnerships,https://www.semiahmoofirstnation.ca/agreements-1,developer pipeline,manual_p3,Run_Queue,public,1,This is more relationship intelligence than automatable feed. | —
SRC-130,Hall Constructors Subcontractor ITB / prequalification channel,F_gc_developer_invites,Hall Constructors,Lower Mainland / Fraser Valley / BC,other / web form,https://hallconstructors.com/,https://www.hallconstructors.com/subcontractors,GC invite,email_forwarded / manual_p3,Run_Queue,login_required / public,1,Requires manual ITB inbox onboarding for estimator team. | N/A
SRC-131,Jacob Bros Construction Subcontractor Prequalification,F_gc_developer_invites,Jacob Bros Construction,British Columbia / Lower Mainland / Lower Mainland / BC,other / web form,https://jacobbros.ca/subcontractors/,,GC invite,email_forwarded / manual_p3,Run_Queue,login_required / public,1,Key partnership route for large-scale public infrastructure sub-contracts. | N/A
SRC-132,Maple Ridge Contract Registry Search,A_active_tender,City of Maple Ridge,Maple Ridge,HTML listing,https://www.mapleridge.ca/build-do-business/bid-opportunities/contract-registry-search,,award notice,html_listing,Bulk_Intake_Raw,public,1,"This is an award / contract-history source, not just a live-tender page. | —"
SRC-133,City of Langley Council Agendas,C_council_agendas,City of Langley,City of Langley,HTML listing,https://www.langleycity.ca/city-hall/council-meetings,,rezoning/development application,html_listing,Bulk_Intake_Raw,public,1,
SRC-134,Pitt Meadows Council Agendas,C_council_agendas,City of Pitt Meadows,Pitt Meadows,HTML listing,https://www.pittmeadows.ca/city-hall/council-meetings,,rezoning/development application,html_listing,Bulk_Intake_Raw,public,1,
SRC-135,Township of Langley Council Agendas,C_council_agendas,Township of Langley,Township of Langley,HTML listing,https://www.tol.ca/en/council/council-meetings.aspx,,rezoning/development application,html_listing,Bulk_Intake_Raw,public,1,
SRC-136,KPU Bid Award Notices and Prequalified Supplier Lists,J_institutional_public_sector,Kwantlen Polytechnic University,Surrey / Langley / Richmond / Cloverdale,HTML listing,https://www.kpu.ca/procurement/bid-award-notices,,award notice,html_listing,Bulk_Intake_Raw,public,1,Good incumbent and partner-identification source. | —
SRC-137,Bird Construction Subcontractor Portal,F_gc_developer_invites,Bird Construction,Canada-wide / BC,web form,https://www.bird.ca/subcontractors/,,GC invite,manual_p3,Paid_Intelligence,public,1,
SRC-138,Chandos Construction Subcontractors,F_gc_developer_invites,Chandos Construction,Western Canada / BC,web form,https://www.chandos.com/subcontractors/,,GC invite,manual_p3,Paid_Intelligence,public,1,
SRC-139,Kiewit supplier registration / GEP SMART / Business With Us,F_gc_developer_invites,Kiewit,North America / BC / Global including BC / Canada / North America,web form / PDF guide + portal / HTML listing,https://www.kiewit.com/suppliers/,https://www.kiewit.com/wp-content/uploads/2025/11/Supplier-Registration-Guide-English.pdf; https://www.kiewit.com/business-with-us/; https://www.kiewit.com/business-with-us/opportunities/,GC invite / GC invite / prequalification,paid_login_stub / manual_p3,Paid_Intelligence,login_required / public guide + login portal / public_with_filters,1,"GC portals are conceptually in register, but Kiewit’s SMART is unique and crucial for BC MoTI megaprojects. | Best for subcontractor registration and opportunity awareness, not scraping. | Same logic as Turner: not a new concept, but a valuable specific GC workflow."
SRC-140,PCL Construction Subcontractor Prequalification,F_gc_developer_invites,PCL Construction,Canada-wide / BC projects,paid login / web form,https://www.pcl.com/ca/en/supplier-centre/subcontractor-prequalification,,GC invite,paid_login_stub,Paid_Intelligence,login_required,1,Requires manual registration; TENDER_FINDER should set up profile.
SRC-141,Tsawwassen First Nation Doing Business with TFN,I_first_nations_indigenous_infrastructure,Tsawwassen First Nation,Tsawwassen,HTML listing,https://tsawwassenfirstnation.com/business/doing-business-with-tfn/,,active tender / future project,html_listing,Active_Tenders / Future_Projects,public,1,Key source for Tsawwassen Mills/industrial expansion.
SRC-142,Abbotsford Bids & Tenders endpoint,A_active_tender,City of Abbotsford,Abbotsford,HTML listing,https://www.abbotsford.ca/business/bids-tenders,,active tender,html_listing,Active_Tenders,public,2,
SRC-143,Burnaby Bidding Opportunities,A_active_tender,City of Burnaby,Burnaby,HTML listing,https://www.burnaby.ca/doing-business/bidding-opportunities,,active tender,html_listing,Active_Tenders,public,2,
SRC-144,Chilliwack Bid Opportunities endpoint,A_active_tender,City of Chilliwack,Chilliwack,HTML listing,https://www.chilliwack.com/doing-business/bid-opportunities,,active tender,html_listing,Active_Tenders,public,2,
SRC-145,City of Coquitlam procurement endpoint / Bonfire or City page,A_active_tender,City of Coquitlam,Coquitlam (Tier 2) / Coquitlam / Port Coquitlam,Bonfire / HTML listing,https://coquitlam.bonfirehub.ca/portal/,https://www.coquitlam.ca/386/Bids-Tenders; https://www.portcoquitlam.ca/city-services/bids-tenders/,active tender,api_json / html_listing,Active_Tenders,public,2,Direct Bonfire API feed replacing fragmented manual portal checks. | N/A
SRC-146,City of Delta Bids & Tenders endpoint,A_active_tender,City of Delta,Delta (Tier 2) / Delta,bidsandtenders / HTML listing,https://delta.bidsandtenders.ca/,https://www.delta.ca/doing-business/bids-tenders,active tender,ods_v21 / html_listing,Active_Tenders,public,2,Machine-readable structured procurement feed. | Baseline #3 generic; isolates Delta heavy civil and port-adjacent roadworks.
SRC-147,City of North Vancouver Bids & Tenders endpoint,A_active_tender,City of North Vancouver,North Vancouver,HTML listing,https://www.cnv.org/business/bids-and-tenders,,active tender,html_listing,Active_Tenders,public,2,
SRC-148,District of North Vancouver Bids & Tenders endpoint,A_active_tender,District of North Vancouver,North Vancouver,HTML listing,https://www.dnv.org/business/bids-and-tenders,,active tender,html_listing,Active_Tenders,public,2,
SRC-149,Mission Bids & Tenders endpoint,A_active_tender,City of Mission,Mission,HTML listing,https://www.mission.ca/business/bids-tenders.htm,,active tender,html_listing,Active_Tenders,public,2,
SRC-150,New Westminster Bids & Tenders endpoint,A_active_tender,City of New Westminster,New Westminster,HTML listing,https://www.newwestcity.ca/business/tenders,,active tender,html_listing,Active_Tenders,public,2,
SRC-151,White Rock Bids & Tenders endpoint,A_active_tender,City of White Rock,White Rock,HTML listing,https://www.whiterockcity.ca/EN/main/city-hall/tenders.html,,active tender,html_listing,Active_Tenders,public,2,
SRC-152,BC Ferries procurement / contract opportunities,H_utilities_crown_port_airport,BC Ferries,BC coast / terminals in Lower Mainland / BC-wide; Lower Mainland terminals relevant,HTML listing,https://www.bcferries.com/about/doing-business/contract-opportunities,https://www.bcferries.com/our-company/procurement,active tender,html_listing,Active_Tenders,public,2,Worth monitoring but lower volume than municipal sources. | —
SRC-153,BC Transit Procurement,H_utilities_crown_port_airport,BC Transit,Province-wide / Lower Mainland,HTML listing,https://www.bctransit.com/corporate/procurement,,active tender,html_listing,Active_Tenders,public,2,
SRC-154,Abbotsford School District doing business / tenders,J_institutional_public_sector,Abbotsford School District (SD34),Abbotsford,HTML listing,https://www.abbyschools.ca/doing-business,,active tender,html_listing,Active_Tenders,public,2,
SRC-155,Burnaby School District tenders,J_institutional_public_sector,Burnaby School District (SD41),Burnaby,HTML listing,https://burnabyschools.ca/tenders/,,active tender,html_listing,Active_Tenders,public,2,
SRC-156,Chilliwack School District tenders,J_institutional_public_sector,Chilliwack School District (SD33),Chilliwack,HTML listing,https://sd33.bc.ca/tenders,,active tender,html_listing,Active_Tenders,public,2,
SRC-157,Coquitlam SD43 tenders,J_institutional_public_sector,Coquitlam School District (SD43),Coquitlam,HTML listing,https://www.sd43.bc.ca/Pages/tenders.aspx,,active tender,html_listing,Active_Tenders,public,2,
SRC-158,Delta School District tenders,J_institutional_public_sector,Delta School District (SD37),Delta,HTML listing,https://www.deltasd.bc.ca/our-district/business/tenders/,,active tender,html_listing,Active_Tenders,public,2,
SRC-159,Providence Health Care Tenders & RFPs,J_institutional_public_sector,Providence Health Care,Vancouver,HTML listing,https://www.providencehealthcare.org/about-providence/doing-business-with-us/tenders-rfps,,active tender,html_listing,Active_Tenders,public,2,Major hospital redevelopment with extensive civil scope.
SRC-160,Richmond School District tenders,J_institutional_public_sector,Richmond School District (SD38),Richmond,HTML listing,https://www.sd38.bc.ca/our-district/finance/tenders,,active tender,html_listing,Active_Tenders,public,2,
SRC-161,SFU Procurement / current opportunities,J_institutional_public_sector,Simon Fraser University,Burnaby / Surrey / Burnaby / Surrey / Vancouver,HTML listing,https://www.sfu.ca/finance/suppliers/current-opportunities.html,https://www.sfu.ca/finance/departments/procurement-page.html; https://www.sfu.ca/finance/services/procurement/competitive-bidding.html,active tender,html_listing,Active_Tenders,public,2,Better as owner workflow than generic BC Bid searches alone. | —
SRC-162,UFV Procurement Services,J_institutional_public_sector,University of the Fraser Valley,Abbotsford / Chilliwack,HTML listing,https://www.ufv.ca/supply-chain/procurement/,https://www.ufv.ca/supply-chain/procurement/competitive-purchasing/,active tender,html_listing,Active_Tenders,public,2,Stronger than generic post-secondary monitoring because geography matches TENDER_FINDER. | —
SRC-163,Vancouver Coastal Health procurement / doing business,J_institutional_public_sector,Vancouver Coastal Health,Vancouver / Richmond / North Shore / Richmond / North Shore / Vancouver / Sea-to-Sky,HTML listing,http://www.vch.ca/about-us/doing-business-with-vch,https://www.vch.ca/en/contracted-services-and-procurement,active tender,html_listing,Active_Tenders,public,2,"Not as core as Fraser Health, but still regionally relevant. | —"
SRC-164,Vancouver School Board tenders,J_institutional_public_sector,Vancouver School Board,Vancouver,HTML listing,https://www.vsb.bc.ca/page/5261/tenders,,active tender,html_listing,Active_Tenders,public,2,
SRC-165,Onni supplier and subcontractor application form,F_gc_developer_invites,Onni Group,Western Canada focus including BC,HTML form,https://onni.com/about/construction/supplier-application-form/,,GC invite / prequalification,manual_p3,Active_Tenders,public,2,"Subsource of generic GC/Developer Subcontractor Portals, but justified for Onni-specific tracking because of its development volume."
SRC-166,Burnaby Major Development Projects,B_dev_applications,City of Burnaby,Burnaby,HTML listing,https://www.burnaby.ca/services-and-payments/development-permits-construction/major-development-projects,,future project,html_listing,Future_Projects,public,2,Pair with engineering / subdivision signals when available. | —
SRC-167,Burnaby Preliminary Plan Approval,B_dev_applications,City of Burnaby,Burnaby,HTML listing,https://www.burnaby.ca/services-and-payments/development-permits-construction/preliminary-plan-approval,,development application,html_listing,Future_Projects,public,2,"Time-sensitive because Burnaby is phasing out new PPAs after June 30, 2026. | —"
SRC-168,Coquitlam Development Applications,B_dev_applications,City of Coquitlam,Coquitlam,HTML listing,https://www.coquitlam.ca/250/Development-Applications,,development application,html_listing,Future_Projects,public,2,"Add a freshness warning in the register. | Related to existing Coquitlam development portal concept, but this direct page is still a useful endpoint."
SRC-169,FVRD Current Developments,B_dev_applications,Fraser Valley Regional District,FVRD electoral areas,HTML listing,https://www.fvrd.ca/EN/main/services/planning-development/current-developments.html,,development application,html_listing,Future_Projects,public,2,One of the strongest greenfield / rural-servicing sources in the Fraser Valley. | —
SRC-170,Port Coquitlam Land Use & Subdivision,B_dev_applications,City of Port Coquitlam,Port Coquitlam,HTML listing,https://www.portcoquitlam.ca/business-development/property-development-building/land-use-subdivision,,development application,html_listing,Future_Projects,public,2,High-value Tier 2 planning source. | —
SRC-171,Vancouver Rezoning Applications / Rezoning Centre,B_dev_applications,City of Vancouver,Vancouver,HTML listing,https://vancouver.ca/home-property-development/rezoning-applications.aspx,https://rezoning.vancouver.ca/applications/,rezoning / development application,html_listing,Future_Projects,public,2,"Good for early-market intelligence, even if many projects are mixed-use. | Treat as the machine-facing endpoint; keep TENDER_FINDER_NEW_035 as the human-facing policy page. | —"
SRC-172,Abbotsford Capital Projects,D_capital_future_infrastructure,City of Abbotsford,Abbotsford,HTML listing,https://www.abbotsford.ca/city-services/engineering/capital-projects,,future project / active,html_listing,Future_Projects,public,2,
SRC-173,BC Housing Future / Planned Procurement Forecast,D_capital_future_infrastructure,BC Housing,BC,HTML listing,https://www.bchousing.org/procurement,,(future/planned section),html_listing,Future_Projects,public,2,Existing source 4 is active opportunities; this forecast page is separate.
SRC-174,Burnaby Capital Projects,D_capital_future_infrastructure,City of Burnaby,Burnaby,HTML listing,https://www.burnaby.ca/city-services/capital-projects,,future project / active,html_listing,Future_Projects,public,2,
SRC-175,Chilliwack Capital Projects,D_capital_future_infrastructure,City of Chilliwack,Chilliwack,HTML listing,https://www.chilliwack.com/engineering/capital-projects,,future project / active,html_listing,Future_Projects,public,2,
SRC-176,Coquitlam Capital Projects,D_capital_future_infrastructure,City of Coquitlam,Coquitlam,HTML listing,https://www.coquitlam.ca/440/Capital-Projects,,future project / active,html_listing,Future_Projects,public,2,
SRC-177,Delta Capital Projects,D_capital_future_infrastructure,City of Delta,Delta,HTML listing,https://www.delta.ca/services/engineering/capital-projects,,future project / active,html_listing,Future_Projects,public,2,
SRC-178,FVRD Regional Infrastructure Projects,D_capital_future_infrastructure,Fraser Valley Regional District,Fraser Valley,HTML listing,https://www.fvrd.ca/EN/main/services/engineering.html,,future project,html_listing,Future_Projects,public,2,
SRC-179,FVRD Regional and Sub-Regional Detailed Budgets,D_capital_future_infrastructure,Fraser Valley Regional District,Fraser Valley,PDF,https://haveyoursay.fvrd.ca/27650/widgets/111978/documents/98661,,capital plan,pdf_manual,Future_Projects,public,2,Complements tender RSS by flagging future capital envelopes for civil works.
SRC-180,Mission Capital Projects,D_capital_future_infrastructure,City of Mission,Mission,HTML listing,https://www.mission.ca/city-services/engineering/capital-projects/,,future project / active,html_listing,Future_Projects,public,2,
SRC-181,Port Coquitlam Capital Projects,D_capital_future_infrastructure,City of Port Coquitlam,Port Coquitlam,HTML listing,https://www.portcoquitlam.ca/city-services/engineering/capital-projects/,,future project / active,html_listing,Future_Projects,public,2,
SRC-182,Richmond Capital Projects,D_capital_future_infrastructure,City of Richmond,Richmond,HTML listing,https://www.richmond.ca/services/engineering/capital-projects,,future project / active,html_listing,Future_Projects,public,2,
SRC-183,UBC Capital Projects / planning pages,D_capital_future_infrastructure,UBC,Vancouver / Vancouver & Richmond campus-linked sites,HTML listing / HTML list,https://planning.ubc.ca/capital-projects,https://mednet.med.ubc.ca/resources/facilities/projects/capital-projects/,future project / capital plan / future project,html_listing / manual_p3,Future_Projects,public,2,Good example of sub-owner capital lists inside UBC ecosystem.
SRC-184,Vancouver Capital Construction Project Map,D_capital_future_infrastructure,City of Vancouver,Vancouver,HTML listing,https://vancouver.ca/streets-transportation/capital-projects.aspx,,future project / active,html_listing,Future_Projects,public,2,
SRC-185,BC Ferries terminal renewal newsroom,H_utilities_crown_port_airport,BC Ferries,"Lower Mainland terminals, especially Horseshoe Bay / Tsawwassen",HTML listing,https://www.bcferries.com/news-releases/essential-infrastructure-renewal-program-at-horseshoe-bay-terminal-gets-underway,https://www.bcferries.com/news-releases/bc-ferries-advances-construction-introduces-customer-focused-improvements-Horseshoe-Bay,news / early signal,html_listing,Future_Projects,public,2,"Treat as capital / renewal signal, not tender feed. | —"
SRC-186,BC Hydro Fraser Valley capital-program announcement,H_utilities_crown_port_airport,BC Hydro,"Chilliwack, Abbotsford, Mission, Hope / Canada (filter BC)",HTML news,https://www.renewcanada.net/bc-hydro-announces-1b-worth-of-capital-projects-for-the-fraser-valley/,https://www.renewcanada.net,capital plan / news / news / early signal,manual_p3,Future_Projects,public,2,Treated as standing news/intel for that regional program rather than a live tender feed. | Complements Journal of Commerce/SiteNews with more national/infrastructure focus rather than general real estate.
SRC-187,BC Hydro Lower Mainland / Fraser Valley project news feed,H_utilities_crown_port_airport,BC Hydro,Lower Mainland / Fraser Valley within BC-wide news,HTML listing,https://www.bchydro.com/news/press_centre.html,https://www.bchydro.com/news/press_centre/news_releases/2026/mount-lehman-substation.html,news / early signal,html_listing,Future_Projects,public,2,Use for “project starts / approvals / expansion” rather than live tenders. | —
SRC-188,CN Lower Mainland Infrastructure News,H_utilities_crown_port_airport,CN,Burnaby / North Shore / Port area,HTML listing,https://www.cn.ca/en/stories/20250429-cn-and-port-of-vancouver-collaborating,,future project,html_listing,Future_Projects,public,2,Best as analyst review feed. | —
SRC-189,FortisBC Builders & Developers construction services,H_utilities_crown_port_airport,FortisBC,BC gas/electric service areas,HTML info,https://www.fortisbc.com/build-renovate/builders-and-developers,,future project / developer pipeline,manual_p3,Future_Projects,public,2,Better for relationship/intel than scraping; tie into BD workflow for leads.
SRC-190,YVR North Runway Modernization project page,H_utilities_crown_port_airport,Vancouver Airport Authority,YVR / Richmond,HTML listing,https://www.yvr.ca/en/business/north-runway-modernization,https://news.yvr.ca/north-runway-modernization-program-launches-spring-2025/,future project,html_listing,Future_Projects,public,2,Track page changes and related newsroom posts. | —
SRC-191,Abbotsford School District Capital Planning,J_institutional_public_sector,School District 34 (Abbotsford),Abbotsford,HTML,https://facilities.abbyschools.ca/node/269,,capital plan,manual_p3,Future_Projects,public,2,Adds Abbotsford K–12 layer to existing municipal and BC MoTI sources.
SRC-192,BC Health Infrastructure Projects listing,J_institutional_public_sector,Province of British Columbia,Province-wide,HTML,https://www2.gov.bc.ca/gov/content/health/accessing-health-care/capital-projects,,capital plan,manual_p3,Future_Projects,public,2,Complements regional health authorities; good for spotting large projects early.
SRC-193,BCIT Facilities and Campus Planning Projects,J_institutional_public_sector,BCIT,"Burnaby, Delta, North Vancouver, Richmond, Vancouver",HTML,https://www.bcit.ca/facilities/,,future project / minor capital,manual_p3,Future_Projects,public,2,No central BCIT capital entry exists in current register; adds another institutional owner.
SRC-194,BCIT South Campus Infrastructure Renewal,J_institutional_public_sector,BCIT,Burnaby,HTML listing,https://www.bcit.ca/campus-plan/major-projects/scir/,,future project,html_listing,Future_Projects,public,2,One of the better post-secondary future-civil pages in Metro Vancouver. | —
SRC-195,Coquitlam SD43 Capital Planning,J_institutional_public_sector,School District 43 (Coquitlam),Coquitlam / Port Coquitlam / Port Moody,HTML,https://www.sd43.bc.ca/CapitalProjects/Pages/CapitalPlan.aspx,,capital plan,manual_p3,Future_Projects,public,2,Complements Coquitlam municipal development portal with school-driven civil demand.
SRC-196,SFU Construction Projects,J_institutional_public_sector,Simon Fraser University,Burnaby / Surrey / Vancouver,HTML listing,https://www.sfu.ca/fs/projects-initiatives/construction-projects.html,,future project,html_listing,Future_Projects,public,2,Useful for construction-start signals and project naming. | —
SRC-197,UBC Facilities Current Projects,J_institutional_public_sector,UBC Facilities,Vancouver,HTML listing,https://facilities.ubc.ca/projects/projects-on-campus/current-projects/,,future project,html_listing,Future_Projects,public,2,"Good for campus utility, road, and public-realm renewal signals. | —"
SRC-198,VCH development / major project pages,J_institutional_public_sector,Vancouver Coastal Health,"VGH campus, Vancouver / Richmond / North Shore / Vancouver / Sea-to-Sky",HTML project page / HTML listing,https://medicalstaff.vch.ca/Pages/VGH-OR-Renewal-Project.aspx,https://www.vch.ca/en/about-us/our-vision/strategic-priorities/development-projects; https://www.vch.ca/en/news/vancouver-coastal-health-launches-procurement-new-long-term-care-sites-squamish-west-vancouver,future project / capital plan / future project,manual_p3 / html_listing,Future_Projects,public,2,Could be generalized into 'VCH Major Projects pages' in your register. | Especially relevant for North Shore and Richmond-area site work. | —
SRC-199,Vancouver School Board Current Capital Projects,J_institutional_public_sector,Vancouver School Board,City of Vancouver,HTML,https://www.vsb.bc.ca/current-capital-projects,,capital plan / future project,manual_p3,Future_Projects,public,2,Helps track city-school projects beyond City of Vancouver permits.
SRC-200,MST Development Projects,I_first_nations_indigenous_infrastructure,MST Development Corporation,Metro Vancouver,HTML listing,https://mstdevelopment.ca/projects/,,developer pipeline,html_listing,Future_Projects,public,2,High strategic value even when projects are large and phased. | —
SRC-201,Musqueam Economic Development,I_first_nations_indigenous_infrastructure,Musqueam Indian Band,Vancouver / Musqueam lands / Vancouver / Fraser River,HTML listing / HTML,https://www.musqueam.bc.ca/economic-development/,,developer pipeline / developer pipeline / FN infrastructure,html_listing / manual_p3,Future_Projects,public,2,Useful for early-stage land deals and servicing on Musqueam-linked lands.
SRC-202,Tsleil-Waututh Nation Economic Development,I_first_nations_indigenous_infrastructure,Tsleil-Waututh Nation,North Vancouver,HTML listing,https://twnation.ca/economic-development/,,developer pipeline,html_listing,Future_Projects,public,2,
SRC-203,Marcon Projects,K_private_developer_pipeline,Marcon,"Lower Mainland / Metro Vancouver, including Surrey / Coquitlam / Port Moody",HTML listing,https://www.marcon.ca/developments/,https://marcon.ca/en/projects; https://marcon.ca/en/projects/tricity-central,developer pipeline,html_listing,Future_Projects,public,2,TriCity Central is especially useful for Tri-Cities pipeline tracking. | A more actionable owner-specific endpoint than generic developer-announcement monitoring.
SRC-204,Porte Communities Developments,K_private_developer_pipeline,Porte Communities,Lower Mainland,HTML listing,https://www.porte.ca/developments,,developer pipeline,html_listing,Future_Projects,public,2,
SRC-205,Coquitlam Public Notices,C_council_agendas,City of Coquitlam,Coquitlam,HTML listing,https://www.coquitlam.ca/725/Public-Notices,https://www.coquitlam.ca/728/Public-Hearings,rezoning,html_listing,Run_Queue,public,2,"Especially useful where application page freshness is uncertain. | Related to generic council/public-hearing coverage, but materially useful as a city-specific endpoint."
SRC-206,"FVRD Agendas, Minutes & Webcasts",C_council_agendas,Fraser Valley Regional District,FVRD,HTML listing,https://www.fvrd.ca/EN/main/government/agendas-minutes-webcasts.html,,future project,html_listing,Run_Queue,public,2,Use on a weekly review cadence. | —
SRC-207,Port of Vancouver submissions portal,H_utilities_crown_port_airport,Vancouver Fraser Port Authority,Port of Vancouver / Lower Mainland,other,https://submissions.portvancouver.com/,,active tender,manual_p3,Run_Queue,login_required,2,Do not scrape; maintain as manual login workflow. | —
SRC-208,Kwantlen First Nation Land & Resource Referrals,I_first_nations_indigenous_infrastructure,Kwantlen First Nation,Fraser River corridor (Surrey/Langley area),HTML,https://kwantlenfn.ca,,FN referrals / early signal,manual_p3,Run_Queue,public,2,Early warning for both FN-driven and third-party infrastructure intersecting the territory.
SRC-209,FVRD Web Map,B_dev_applications,Fraser Valley Regional District,FVRD electoral areas,other,https://maps.fvrd.ca/portal/apps/webappviewer/index.html,https://www.fvrd.ca/EN/main/services/mapping.html,development application,manual_p3,Bulk_Intake_Raw,public,2,Better for analyst map review than automated extraction unless GIS work is funded. | —
SRC-210,Burnaby Council Agendas,C_council_agendas,City of Burnaby,Burnaby,HTML listing,https://www.burnaby.ca/city-hall/city-council/council-meetings,,rezoning/development application,html_listing,Bulk_Intake_Raw,public,2,
SRC-211,Coquitlam Council Agendas,C_council_agendas,City of Coquitlam,Coquitlam,HTML listing,https://www.coquitlam.ca/554/Council-Agendas-Minutes,,rezoning/development application,html_listing,Bulk_Intake_Raw,public,2,
SRC-212,Port Coquitlam Council Agendas,C_council_agendas,City of Port Coquitlam,Port Coquitlam,HTML listing,https://www.portcoquitlam.ca/city-government/city-council/council-meetings/,,rezoning/development application,html_listing,Bulk_Intake_Raw,public,2,
SRC-213,Richmond Council Agendas,C_council_agendas,City of Richmond,Richmond,HTML listing,https://www.richmond.ca/city-hall/council/agendas.htm,,rezoning/development application,html_listing,Bulk_Intake_Raw,public,2,
SRC-214,Aplin Martin projects and news,G_news_early_signal,Aplin Martin,Lower Mainland / Fraser Valley,HTML listing,https://www.aplinmartin.com/projects/208-street-corridor-and-willowbrook-212-connector-project,https://www.aplinmartin.com/news/surrey-langley-skytrain-extension,news / early signal,html_listing,Bulk_Intake_Raw,public,2,"Use for analyst review, not direct opportunity ingestion. | —"
SRC-215,Kerr Wood Leidal / KWL Project Feed,G_news_early_signal,Kerr Wood Leidal,"BC-wide, useful in Lower Mainland",RSS,https://www.kwl.ca/project/feed/,https://www.kwl.ca/project/shoreline-trail-sanitary-sewer-upgrades/,news / early signal,rss_feed,Bulk_Intake_Raw,public,2,Good connector candidate because the feed is already structured. | —
SRC-216,EllisDon Trade Partner Registration,F_gc_developer_invites,EllisDon,Canada-wide / BC,web form,https://www.ellisdon.com/trade-partners,,GC invite,manual_p3,Paid_Intelligence,public,2,
SRC-217,Graham Construction Trade Partners,F_gc_developer_invites,Graham Construction,Canada-wide / BC,web form,https://www.graham.ca/trade-partners,,GC invite,manual_p3,Paid_Intelligence,public,2,
SRC-218,CN Procurement Opportunities,H_utilities_crown_port_airport,CN,Canada-wide; Lower Mainland rail / port overlap,HTML listing,https://www.cn.ca/en/suppliers/procurement-opportunities/,,active tender,html_listing,Active_Tenders,public_with_filters,3,Filter for BC / infrastructure / construction. | —
SRC-219,Talking Energy Current Projects,H_utilities_crown_port_airport,FortisBC,"BC-wide, filterable by project",HTML listing,https://talkingenergy.ca/project,https://talkingenergy.ca/project/eagle-mountain-woodfibre-gas-pipeline-project,future project,html_listing,Future_Projects,public,3,Good for major utility corridor and LNG-adjacent works. | —
SRC-220,Burnaby SD / BC major school project records,J_institutional_public_sector,SD41 / Province of British Columbia,Burnaby,HTML,https://www2.gov.bc.ca/gov/content/education-training/k-12/administration/capital/major-capital-projects/kitchener-elementary-sc,,future project / capital,manual_p3,Future_Projects,public,3,Could be generalized into a 'BC Major School Projects DB' in your taxonomy.
SRC-221,KPU 5-Year Maintenance / Renovation Plan,J_institutional_public_sector,Kwantlen Polytechnic University,"Langley, Surrey, Richmond, Cloverdale",PDF / HTML,https://www.kpu.ca/facilities/practices/operations--5-year-maintenance-renovations-plan,,capital plan,pdf_manual,Future_Projects,public,3,Lower civil intensity but still relevant in Langley/Surrey footprint.
SRC-222,Sto:lo Nation Economic Development,I_first_nations_indigenous_infrastructure,Sto:lo Nation,Fraser Valley,HTML listing,https://www.stolonation.bc.ca/economic-development,,developer pipeline,html_listing,Future_Projects,public,3,
SRC-223,FortisBC Trade Ally Network,F_gc_developer_invites,FortisBC,Fortis electric/gas service areas,HTML + forms,https://www.fortisbc.com/build-renovate/contractors/join-the-trade-ally-network,,GC invite / network,manual_p3,Run_Queue,public,3,Lower civil intensity; keep as low-priority relationship program.
SRC-224,Turner Subcontractors,F_gc_developer_invites,Turner Construction,Canada / North America,other,https://www.turnerconstruction.com/subcontractors,https://www.turnerconstruction.com/contact-us,GC invite,manual_p3,Run_Queue,public_with_filters,3,"Do not scrape login steps; treat as manual relationship pipeline. | Falls under existing GC invite concept, but Turner’s own prequalification page is a high-value specific workflow."
SRC-225,BC Environmental Assessment Office EPIC Projects,D_capital_future_infrastructure,BC Environmental Assessment Office,"BC-wide, filterable",HTML listing,https://projects.eao.gov.bc.ca/projects-list,https://projects.eao.gov.bc.ca/projects,future project,html_listing,Bulk_Intake_Raw,public,3,Keep BC filters and sector keywords. | —
SRC-226,Canadian Impact Assessment Registry,D_capital_future_infrastructure,Impact Assessment Agency of Canada,"Canada-wide, BC-filterable",HTML listing,https://www.iaac-aeic.gc.ca/050/evaluations,https://www.iaac-aeic.gc.ca/050/evaluations/exploration?document_type=project&permits=true,future project,html_listing,Bulk_Intake_Raw,public,3,Best as federal-major-project early warning source. | —
SRC-227,BCIB Indigenous Procurement Initiative,I_first_nations_indigenous_infrastructure,BC Infrastructure Benefits,BC Community Benefits Agreement projects,HTML,https://bcib.ca/about-us/ipi/,https://bcib.ca/about-us/cba/,procurement process / early signal,manual_p3,Paid_Intelligence,public,3,Overlaps with general BCIB/CBA concepts if already tracked; add only if you want a dedicated Indigenous-procurement lens.
